产品等级,直通车,引力魔方,超级短视频,全站,活动,备注
S,"导入期：为主：50%-60%

成长期/爆发期：为主；60%-70%

衰退期：为主：70%-80%","导入期：为辅：20%-30%

成长期/爆发期：为辅；10%-15%

衰退期：为辅：10%-20%","导入期：为辅：10%-20%

成长期/爆发期：为辅；15%-20%

衰退期：为辅：10%-20%","导入期：为辅：10%-15%

成长期/爆发期：为辅；5%-15%

衰退期：为辅：10%-20%",,
A,"导入期：为主：40%-50%

成长期/爆发期：为主；50%-60%

衰退期：为主：60%-70%为主；","导入期：为辅：20%-30%

成长期/爆发期：为辅；15%-20%

衰退期：为辅：10%-15%为主；","导入期：为辅：20%-30%

成长期/爆发期：为辅；15%-20%

衰退期：为辅：10%-15%为主；","导入期：为辅：15%-25%

成长期/爆发期：为辅；10%-20%

衰退期：为辅：20%-30%为主；",百亿活动（5%）,百亿补贴，不是所有A级都需要报名；而且部分A级，比如款式明显在衰退的；同类目下A级销售偏落后的
B,"导入期：为辅：20%-30%

成长期/爆发期：为辅：20%-30%",/,/,"导入期：为主：70%-80%

成长期/爆发期：为主：70—80%",百亿活动（5%）,
清仓,/,/,/,/,"百亿活动
淘宝秒杀
淘客
官方大促时候的破价活动
店播福利",
