类目,类目（总路径）,一级类目,二级类目,叶子类目
玩具/童车/益智/早教/游乐设备,玩具/童车/益智/早教/游乐设备>户外运动/休闲/传统玩具>飞盘/飞碟/竹蜻蜓类,玩具/童车/益智/早教/游乐设备,户外运动/休闲/传统玩具,飞盘/飞碟/竹蜻蜓类
玩具/童车/益智/早教/游乐设备,玩具/童车/益智/早教/游乐设备>儿童包/背包/箱包>书包,玩具/童车/益智/早教/游乐设备,儿童包/背包/箱包,书包
玩具/童车/益智/早教/游乐设备,玩具/童车/益智/早教/游乐设备>儿童包/背包/箱包>斜挎包/拎包/腰包,玩具/童车/益智/早教/游乐设备,儿童包/背包/箱包,斜挎包/拎包/腰包
玩具/童车/益智/早教/游乐设备,玩具/童车/益智/早教/游乐设备>宝宝纪念品/个性产品>名字贴,玩具/童车/益智/早教/游乐设备,宝宝纪念品/个性产品,名字贴
玩具/童车/益智/早教/游乐设备,玩具/童车/益智/早教/游乐设备>游泳池/戏水玩具>泳镜,玩具/童车/益智/早教/游乐设备,游泳池/戏水玩具,泳镜
玩具/童车/益智/早教/游乐设备,玩具/童车/益智/早教/游乐设备>儿童包/背包/箱包>拉杆包,玩具/童车/益智/早教/游乐设备,儿童包/背包/箱包,拉杆包
玩具/童车/益智/早教/游乐设备,玩具/童车/益智/早教/游乐设备>儿童玩具枪>水枪,玩具/童车/益智/早教/游乐设备,儿童玩具枪,水枪
玩具/童车/益智/早教/游乐设备,玩具/童车/益智/早教/游乐设备>早教/智能玩具>贴纸,玩具/童车/益智/早教/游乐设备,早教/智能玩具,贴纸
居家日用,居家日用>伞/雨具/防雨/防潮>伞,居家日用,伞/雨具/防雨/防潮,伞
居家日用,居家日用>防护用品>口罩,居家日用,防护用品,口罩
居家日用,居家日用>鞋用品>鞋套,居家日用,鞋用品,鞋套
居家日用,居家日用>伞/雨具/防雨/防潮>雨披/雨衣,居家日用,伞/雨具/防雨/防潮,雨披/雨衣
居家日用,居家日用>伞/雨具/防雨/防潮>雨鞋/雨靴,居家日用,伞/雨具/防雨/防潮,雨鞋/雨靴
居家日用,居家日用>防护用品>护目镜,居家日用,防护用品,护目镜
运动/瑜伽/健身/球迷用品,运动/瑜伽/健身/球迷用品>游泳>儿童泳衣/裤,运动/瑜伽/健身/球迷用品,游泳,儿童泳衣/裤
运动/瑜伽/健身/球迷用品,运动/瑜伽/健身/球迷用品>游泳>分体泳衣,运动/瑜伽/健身/球迷用品,游泳,分体泳衣
运动/瑜伽/健身/球迷用品,运动/瑜伽/健身/球迷用品>游泳>泳镜,运动/瑜伽/健身/球迷用品,游泳,泳镜
运动/瑜伽/健身/球迷用品,运动/瑜伽/健身/球迷用品>游泳>泳帽,运动/瑜伽/健身/球迷用品,游泳,泳帽
运动/瑜伽/健身/球迷用品,运动/瑜伽/健身/球迷用品>游泳>游泳专用包,运动/瑜伽/健身/球迷用品,游泳,游泳专用包
运动/瑜伽/健身/球迷用品,运动/瑜伽/健身/球迷用品>游泳>浴巾/吸水巾,运动/瑜伽/健身/球迷用品,游泳,浴巾/吸水巾
运动/瑜伽/健身/球迷用品,运动/瑜伽/健身/球迷用品>踏步机/中小型健身器材>跳绳,运动/瑜伽/健身/球迷用品,踏步机/中小型健身器材,跳绳
童鞋/婴儿鞋/亲子鞋,童鞋/婴儿鞋/亲子鞋>运动鞋>运动鞋,童鞋/婴儿鞋/亲子鞋,运动鞋,运动鞋
童鞋/婴儿鞋/亲子鞋,童鞋/婴儿鞋/亲子鞋>凉鞋>凉鞋,童鞋/婴儿鞋/亲子鞋,凉鞋,凉鞋
童鞋/婴儿鞋/亲子鞋,童鞋/婴儿鞋/亲子鞋>儿童靴子>皮靴,童鞋/婴儿鞋/亲子鞋,儿童靴子,皮靴
童鞋/婴儿鞋/亲子鞋,童鞋/婴儿鞋/亲子鞋>拖鞋>儿童棉拖鞋,童鞋/婴儿鞋/亲子鞋,拖鞋,儿童棉拖鞋
童鞋/婴儿鞋/亲子鞋,童鞋/婴儿鞋/亲子鞋>儿童雨鞋>雨靴,童鞋/婴儿鞋/亲子鞋,儿童雨鞋,雨靴
童鞋/婴儿鞋/亲子鞋,童鞋/婴儿鞋/亲子鞋>鞋配件>量脚器,童鞋/婴儿鞋/亲子鞋,鞋配件,量脚器
童鞋/婴儿鞋/亲子鞋,童鞋/婴儿鞋/亲子鞋>儿童靴子>雪地靴,童鞋/婴儿鞋/亲子鞋,儿童靴子,雪地靴
童鞋/婴儿鞋/亲子鞋,童鞋/婴儿鞋/亲子鞋>儿童靴子>棉靴,童鞋/婴儿鞋/亲子鞋,儿童靴子,棉靴
童装/婴儿装/亲子装,童装/婴儿装/亲子装>帽子/围巾/口罩/手套/耳套/脚套>帽子,童装/婴儿装/亲子装,帽子/围巾/口罩/手套/耳套/脚套,帽子
童装/婴儿装/亲子装,童装/婴儿装/亲子装>帽子/围巾/口罩/手套/耳套/脚套>围巾,童装/婴儿装/亲子装,帽子/围巾/口罩/手套/耳套/脚套,围巾
童装/婴儿装/亲子装,童装/婴儿装/亲子装>帽子/围巾/口罩/手套/耳套/脚套>手套,童装/婴儿装/亲子装,帽子/围巾/口罩/手套/耳套/脚套,手套
童装/婴儿装/亲子装,童装/婴儿装/亲子装>卫衣/绒衫>卫衣/绒衫,童装/婴儿装/亲子装,卫衣/绒衫,卫衣/绒衫
童装/婴儿装/亲子装,童装/婴儿装/亲子装>马甲>马甲,童装/婴儿装/亲子装,马甲,马甲
童装/婴儿装/亲子装,童装/婴儿装/亲子装>套装>套装,童装/婴儿装/亲子装,套装,套装
童装/婴儿装/亲子装,童装/婴儿装/亲子装>外套/夹克/大衣>普通外套,童装/婴儿装/亲子装,外套/夹克/大衣,普通外套
童装/婴儿装/亲子装,童装/婴儿装/亲子装>T恤>T恤,童装/婴儿装/亲子装,T恤,T恤
童装/婴儿装/亲子装,童装/婴儿装/亲子装>裤子>裤子,童装/婴儿装/亲子装,裤子,裤子
童装/婴儿装/亲子装,童装/婴儿装/亲子装>帽子/围巾/口罩/手套/耳套/脚套>口罩,童装/婴儿装/亲子装,帽子/围巾/口罩/手套/耳套/脚套,口罩
童装/婴儿装/亲子装,童装/婴儿装/亲子装>帽子/围巾/口罩/手套/耳套/脚套>袖套/儿童冰袖,童装/婴儿装/亲子装,帽子/围巾/口罩/手套/耳套/脚套,袖套/儿童冰袖
童装/婴儿装/亲子装,童装/婴儿装/亲子装>反穿衣/罩衣>反穿衣/罩衣,童装/婴儿装/亲子装,反穿衣/罩衣,反穿衣/罩衣
童装/婴儿装/亲子装,童装/婴儿装/亲子装>背心吊带>背心吊带,童装/婴儿装/亲子装,背心吊带,背心吊带
童装/婴儿装/亲子装,童装/婴儿装/亲子装>儿童家居服>家居服连体衣,童装/婴儿装/亲子装,儿童家居服,家居服连体衣
童装/婴儿装/亲子装,童装/婴儿装/亲子装>儿童泳装>泳帽,童装/婴儿装/亲子装,儿童泳装,泳帽
童装/婴儿装/亲子装,童装/婴儿装/亲子装>儿童配饰>太阳镜,童装/婴儿装/亲子装,儿童配饰,太阳镜
童装/婴儿装/亲子装,童装/婴儿装/亲子装>儿童内衣裤>内裤,童装/婴儿装/亲子装,儿童内衣裤,内裤
童装/婴儿装/亲子装,童装/婴儿装/亲子装>儿童家居服>家居服套装,童装/婴儿装/亲子装,儿童家居服,家居服套装
童装/婴儿装/亲子装,童装/婴儿装/亲子装>裙子(新)>连衣裙,童装/婴儿装/亲子装,裙子(新),连衣裙
童装/婴儿装/亲子装,童装/婴儿装/亲子装>儿童泳装>泳衣裤,童装/婴儿装/亲子装,儿童泳装,泳衣裤
童装/婴儿装/亲子装,童装/婴儿装/亲子装>裙子(新)>半身裙,童装/婴儿装/亲子装,裙子(新),半身裙
童装/婴儿装/亲子装,童装/婴儿装/亲子装>羽绒服饰/羽绒内胆>羽绒马甲,童装/婴儿装/亲子装,羽绒服饰/羽绒内胆,羽绒马甲
童装/婴儿装/亲子装,童装/婴儿装/亲子装>羽绒服饰/羽绒内胆>羽绒服,童装/婴儿装/亲子装,羽绒服饰/羽绒内胆,羽绒服
童装/婴儿装/亲子装,童装/婴儿装/亲子装>儿童户外服>儿童冲锋衣,童装/婴儿装/亲子装,儿童户外服,儿童冲锋衣
童装/婴儿装/亲子装,童装/婴儿装/亲子装>儿童户外服>儿童滑雪服,童装/婴儿装/亲子装,儿童户外服,儿童滑雪服
童装/婴儿装/亲子装,童装/婴儿装/亲子装>儿童户外服>儿童运动套装,童装/婴儿装/亲子装,儿童户外服,儿童运动套装
童装/婴儿装/亲子装,童装/婴儿装/亲子装>儿童户外服>儿童皮肤衣/防晒衣,童装/婴儿装/亲子装,儿童户外服,儿童皮肤衣/防晒衣
童装/婴儿装/亲子装,童装/婴儿装/亲子装>儿童户外服>儿童滑雪裤,童装/婴儿装/亲子装,儿童户外服,儿童滑雪裤
童装/婴儿装/亲子装,童装/婴儿装/亲子装>儿童户外服>儿童速干T恤,童装/婴儿装/亲子装,儿童户外服,儿童速干T恤
童装/婴儿装/亲子装,童装/婴儿装/亲子装>裤子（新）>运动裤卫裤,童装/婴儿装/亲子装,裤子（新）,运动裤卫裤
餐饮具,餐饮具>杯子/水杯/水壶>吸管杯,餐饮具,杯子/水杯/水壶,吸管杯
餐饮具,餐饮具>杯子/水杯/水壶>保冷/保温杯,餐饮具,杯子/水杯/水壶,保冷/保温杯
餐饮具,餐饮具>杯子/水杯/水壶>随手杯,餐饮具,杯子/水杯/水壶,随手杯
ZIPPO/瑞士军刀/眼镜,ZIPPO/瑞士军刀/眼镜>太阳眼镜>太阳眼镜,ZIPPO/瑞士军刀/眼镜,太阳眼镜,太阳眼镜
ZIPPO/瑞士军刀/眼镜,ZIPPO/瑞士军刀/眼镜>功能眼镜>防蓝光镜,ZIPPO/瑞士军刀/眼镜,功能眼镜,防蓝光镜
其他,其他>补差价/邮费>补差价/邮费,其他,补差价/邮费,补差价/邮费
其他,其他>赠品>赠品,其他,赠品,赠品
服饰配件/皮带/帽子/围巾,服饰配件/皮带/帽子/围巾>帽子>帽子,服饰配件/皮带/帽子/围巾,帽子,帽子
服饰配件/皮带/帽子/围巾,服饰配件/皮带/帽子/围巾>其他配件>其他配件,服饰配件/皮带/帽子/围巾,其他配件,其他配件
服饰配件/皮带/帽子/围巾,服饰配件/皮带/帽子/围巾>手套>手套,服饰配件/皮带/帽子/围巾,手套,手套
服饰配件/皮带/帽子/围巾,服饰配件/皮带/帽子/围巾>防晒服配>防晒面纱/面罩,服饰配件/皮带/帽子/围巾,防晒服配,防晒面纱/面罩
服饰配件/皮带/帽子/围巾,服饰配件/皮带/帽子/围巾>防晒服配>防晒袖套,服饰配件/皮带/帽子/围巾,防晒服配,防晒袖套
运动鞋new,运动鞋new>运动沙滩鞋/凉鞋>运动沙滩鞋/凉鞋,运动鞋new,运动沙滩鞋/凉鞋,运动沙滩鞋/凉鞋
文具电教/文化用品/商务用品,文具电教/文化用品/商务用品>日常学习用品>笔袋,文具电教/文化用品/商务用品,日常学习用品,笔袋
文具电教/文化用品/商务用品,文具电教/文化用品/商务用品>收纳/陈列用品>文件袋/资料袋/试卷收纳袋,文具电教/文化用品/商务用品,收纳/陈列用品,文件袋/资料袋/试卷收纳袋
文具电教/文化用品/商务用品,文具电教/文化用品/商务用品>日常学习用品>文具盒,文具电教/文化用品/商务用品,日常学习用品,文具盒
箱包皮具/热销女包/男包,箱包皮具/热销女包/男包>双肩背包>双肩背包,箱包皮具/热销女包/男包,双肩背包,双肩背包
户外/登山/野营/旅行用品,户外/登山/野营/旅行用品>露营/野炊装备>野餐包/户外餐具套装,户外/登山/野营/旅行用品,露营/野炊装备,野餐包/户外餐具套装
户外/登山/野营/旅行用品,户外/登山/野营/旅行用品>滑雪>滑雪眼镜,户外/登山/野营/旅行用品,滑雪,滑雪眼镜
户外/登山/野营/旅行用品,户外/登山/野营/旅行用品>露营/野炊装备>防潮垫,户外/登山/野营/旅行用品,露营/野炊装备,防潮垫
户外/登山/野营/旅行用品,户外/登山/野营/旅行用品>滑雪>滑雪衣,户外/登山/野营/旅行用品,滑雪,滑雪衣
户外/登山/野营/旅行用品,户外/登山/野营/旅行用品>露营/野炊装备>野餐餐具,户外/登山/野营/旅行用品,露营/野炊装备,野餐餐具
户外/登山/野营/旅行用品,户外/登山/野营/旅行用品>户外鞋靴>沙滩鞋/凉鞋/拖鞋,户外/登山/野营/旅行用品,户外鞋靴,沙滩鞋/凉鞋/拖鞋
户外/登山/野营/旅行用品,户外/登山/野营/旅行用品>户外鞋靴>溯溪鞋,户外/登山/野营/旅行用品,户外鞋靴,溯溪鞋
户外/登山/野营/旅行用品,户外/登山/野营/旅行用品>户外鞋靴>越野跑鞋,户外/登山/野营/旅行用品,户外鞋靴,越野跑鞋
户外/登山/野营/旅行用品,户外/登山/野营/旅行用品>滑雪>滑雪护具,户外/登山/野营/旅行用品,滑雪,滑雪护具
户外/登山/野营/旅行用品,户外/登山/野营/旅行用品>露营/野炊装备>水杯,户外/登山/野营/旅行用品,露营/野炊装备,水杯
户外/登山/野营/旅行用品,户外/登山/野营/旅行用品>露营/野炊装备>天幕,户外/登山/野营/旅行用品,露营/野炊装备,天幕
婴童洗护>婴童口腔>牙胶,婴童洗护>婴童口腔>牙胶,婴童洗护,婴童口腔,牙胶
